2024-06-15 00:28:38,cell phone,#a09983,#a09983
2024-06-15 00:28:39,cell phone,#a7a596,#a7a596
2024-06-15 00:28:40,cell phone,#b3b1a2,#b3b1a2
2024-06-15 00:28:40,cell phone,#bab7a6,#bab7a6
2024-06-15 00:28:40,cell phone,#a6a898,#a6a898
2024-06-15 00:28:40,cell phone,#a6a898,#a6a898
2024-06-15 00:28:40,cell phone,#a8a999,#a8a999
2024-06-15 00:28:40,cell phone,#a8aa9a,#a8aa9a
2024-06-15 00:28:41,cell phone,#a6a898,#a6a898
2024-06-15 00:28:41,cell phone,#a7a898,#a7a898
2024-06-15 00:28:41,cell phone,#a5a797,#a5a797
2024-06-15 00:28:41,cell phone,#a5a797,#a5a797
2024-06-15 00:28:41,cell phone,#a4a899,#a4a899
2024-06-15 00:28:41,cell phone,#a4a899,#a4a899
2024-06-15 00:28:41,cell phone,#a6a797,#a6a797
2024-06-15 00:28:41,cell phone,#a6a797,#a6a797
2024-06-15 00:28:42,cell phone,#a7a897,#a7a897
2024-06-15 00:28:42,cell phone,#a7a897,#a7a897
2024-06-15 00:28:42,cell phone,#a8a999,#a8a999
2024-06-15 00:28:42,cell phone,#a8a999,#a8a999
2024-06-15 00:28:42,cell phone,#a9aa9a,#a9aa9a
2024-06-15 00:28:42,cell phone,#a9aa9a,#a9aa9a
2024-06-15 00:28:42,cell phone,#a4aca2,#a4aca2
2024-06-15 00:28:42,cell phone,#a4ada2,#a4ada2
2024-06-15 00:28:43,cell phone,#a5a695,#a5a695
2024-06-15 00:28:43,cell phone,#a5a696,#a5a696
2024-06-15 00:28:43,cell phone,#a5aca0,#a5aca0
2024-06-15 00:28:43,cell phone,#a5aca0,#a5aca0
2024-06-15 00:28:43,cell phone,#a5a99b,#a5a99b
2024-06-15 00:28:43,cell phone,#a5a99b,#a5a99b
2024-06-15 00:28:44,cell phone,#a7a99a,#a7a99a
2024-06-15 00:28:44,cell phone,#a7a99a,#a7a99a
2024-06-15 00:28:44,cell phone,#a6a797,#a6a797
2024-06-15 00:28:44,cell phone,#a6a898,#a6a898
2024-06-15 00:28:44,cell phone,#a1a496,#a1a496
2024-06-15 00:28:44,cell phone,#a1a496,#a1a496
2024-06-15 00:28:44,cell phone,#9ba196,#9ba196
2024-06-15 00:28:44,cell phone,#9ba196,#9ba196
2024-06-15 00:28:45,cell phone,#9da49a,#9da49a
2024-06-15 00:28:45,cell phone,#9da49a,#9da49a
2024-06-15 00:28:45,cell phone,#9ea498,#9ea498
2024-06-15 00:28:45,cell phone,#9ea498,#9ea498
2024-06-15 00:28:45,cell phone,#a0a395,#a0a395
2024-06-15 00:28:45,cell phone,#a0a395,#a0a395
2024-06-15 00:28:45,cell phone,#a2aa9f,#a2aa9f
2024-06-15 00:28:45,cell phone,#a2aa9f,#a2aa9f
2024-06-15 00:28:46,cell phone,#9ea497,#9ea497
2024-06-15 00:28:46,cell phone,#9ea597,#9ea597
2024-06-15 00:28:46,cell phone,#a2a696,#a2a696
2024-06-15 00:28:46,cell phone,#a2a696,#a2a696
2024-06-15 00:28:46,cell phone,#a1a99c,#a1a99c
2024-06-15 00:28:46,cell phone,#a2a99d,#a2a99d
2024-06-15 00:28:47,cell phone,#a3a798,#a3a798
2024-06-15 00:28:47,cell phone,#a3a798,#a3a798
2024-06-15 00:28:47,cell phone,#a1a99c,#a1a99c
2024-06-15 00:28:47,cell phone,#a2a99c,#a2a99c
2024-06-15 00:28:48,cell phone,#949585,#949585
2024-06-15 00:28:48,cell phone,#949585,#949585
2024-06-15 00:28:48,cell phone,#8b8e80,#8b8e80
2024-06-15 00:28:48,cell phone,#8b8e7f,#8b8e7f
2024-06-15 00:28:48,cell phone,#898b7e,#898b7e
2024-06-15 00:28:48,cell phone,#898b7d,#898b7d
2024-06-15 00:28:48,cell phone,#858678,#858678
2024-06-15 00:28:48,cell phone,#858678,#858678
2024-06-15 00:28:49,cell phone,#8f9181,#8f9181
2024-06-15 00:28:49,cell phone,#8f9081,#8f9081
2024-06-15 00:28:49,cell phone,#9aa093,#9aa093
2024-06-15 00:28:49,cell phone,#9aa093,#9aa093
2024-06-15 00:28:49,cell phone,#a0a393,#a0a393
2024-06-15 00:28:49,cell phone,#a0a394,#a0a394
2024-06-15 00:28:49,cell phone,#a4a797,#a4a797
2024-06-15 00:28:50,cell phone,#a3a695,#a3a695
2024-06-15 00:28:50,cell phone,#a3a695,#a3a695
2024-06-15 00:28:50,cell phone,#a5a99b,#a5a99b
2024-06-15 00:28:50,cell phone,#a5a99b,#a5a99b
2024-06-15 00:28:50,cell phone,#a4aa9d,#a4aa9d
2024-06-15 00:28:50,cell phone,#a5ab9d,#a5ab9d
2024-06-15 00:28:51,cell phone,#919487,#919487
2024-06-15 00:28:51,cell phone,#919487,#919487
2024-06-15 00:28:51,cell phone,#8b8f83,#8b8f83
2024-06-15 00:28:51,cell phone,#8b8f82,#8b8f82
2024-06-15 00:28:52,cell phone,#898b7d,#898b7d
2024-06-15 00:28:52,cell phone,#898b7d,#898b7d
2024-06-15 00:28:52,cell phone,#959583,#959583
2024-06-15 00:28:52,cell phone,#959583,#959583
2024-06-15 00:28:52,cell phone,#9a9c8a,#9a9c8a
2024-06-15 00:28:52,cell phone,#a6a897,#a6a897
2024-06-15 00:28:53,cell phone,#8e9a93,#8e9a93
2024-06-15 00:28:54,cell phone,#989e92,#989e92
2024-06-15 00:28:54,cell phone,#979e92,#979e92
2024-06-15 00:28:54,cell phone,#979e92,#979e92
2024-06-15 00:28:54,cell phone,#95a096,#95a096
2024-06-15 00:28:54,cell phone,#959f96,#959f96
2024-06-15 00:28:54,cell phone,#8c958a,#8c958a
2024-06-15 00:28:54,cell phone,#8c958a,#8c958a
2024-06-15 00:28:59,cell phone,#798581,#798581
2024-06-15 00:28:59,cell phone,#7f9194,#7f9194
2024-06-15 00:29:00,cell phone,#859089,#859089
2024-06-15 00:29:00,cell phone,#84918c,#84918c
2024-06-15 00:29:00,cell phone,#939889,#939889
2024-06-15 00:29:01,cell phone,#86928b,#86928b
2024-06-15 00:29:01,cell phone,#8f978b,#8f978b
2024-06-15 00:29:01,cell phone,#8f968a,#8f968a
2024-06-15 00:29:01,cell phone,#868d83,#868d83
2024-06-15 00:29:01,cell phone,#81877d,#81877d
2024-06-15 00:29:02,cell phone,#829291,#829291
2024-06-15 00:29:02,cell phone,#8ea5aa,#8ea5aa
2024-06-15 00:29:02,cell phone,#8da2a6,#8da2a6
2024-06-15 00:29:02,cell phone,#8ba0a4,#8ba0a4
2024-06-15 00:29:02,cell phone,#8a9ea0,#8a9ea0
2024-06-15 00:29:03,cell phone,#8a9fa1,#8a9fa1
2024-06-15 00:29:10,cell phone,#a0a395,#a0a395
2024-06-15 00:29:10,cell phone,#9da091,#9da091
2024-06-15 00:29:11,cell phone,#a5a793,#a5a793
2024-06-15 00:29:11,cell phone,#a4a693,#a4a693
2024-06-15 00:29:11,cell phone,#a2a594,#a2a594
2024-06-15 00:29:12,cell phone,#a3a593,#a3a593
2024-06-15 00:29:12,cell phone,#a0a290,#a0a290
2024-06-15 00:29:12,cell phone,#a0a190,#a0a190
2024-06-15 00:29:12,cell phone,#a0a291,#a0a291
2024-06-15 00:29:13,cell phone,#a2a492,#a2a492
2024-06-15 00:29:13,cell phone,#a1a18f,#a1a18f
2024-06-15 00:29:13,cell phone,#9fa290,#9fa290
2024-06-15 00:29:13,cell phone,#9b9c8a,#9b9c8a
2024-06-15 00:29:14,cell phone,#9c9e8c,#9c9e8c
2024-06-15 00:29:14,cell phone,#9c9e8c,#9c9e8c
2024-06-15 00:29:14,cell phone,#9c9f8e,#9c9f8e
2024-06-15 00:29:14,cell phone,#9ca08f,#9ca08f
2024-06-15 00:29:15,cell phone,#929382,#929382
2024-06-15 00:29:15,cell phone,#929382,#929382
2024-06-15 00:29:15,cell phone,#909181,#909181
2024-06-15 00:29:15,cell phone,#8c8c7c,#8c8c7c
2024-06-15 00:29:15,cell phone,#848576,#848576
2024-06-15 00:29:15,cell phone,#848476,#848476
2024-06-15 00:29:16,cell phone,#89897a,#89897a
2024-06-15 00:29:16,cell phone,#88897a,#88897a
2024-06-15 00:29:16,cell phone,#939584,#939584
2024-06-15 00:29:16,cell phone,#949584,#949584
2024-06-15 00:29:16,cell phone,#9b9d8c,#9b9d8c
2024-06-15 00:29:16,cell phone,#9c9d8c,#9c9d8c
2024-06-15 00:29:17,cell phone,#9da295,#9da295
2024-06-15 00:29:17,cell phone,#9ea497,#9ea497
2024-06-15 00:29:18,cell phone,#a0a08a,#a0a08a
2024-06-15 00:29:18,cell phone,#969885,#969885
2024-06-15 00:29:18,cell phone,#999984,#999984
2024-06-15 00:29:18,cell phone,#999984,#999984
2024-06-15 00:29:19,cell phone,#989c8c,#989c8c
2024-06-15 00:29:19,cell phone,#92998b,#92998b
2024-06-15 00:29:24,cell phone,#7e8d8c,#7e8d8c
2024-06-15 00:29:25,cell phone,#9ea295,#9ea295
2024-06-15 00:29:25,cell phone,#989a8d,#989a8d
2024-06-15 00:29:26,cell phone,#97998b,#97998b
2024-06-15 00:29:27,cell phone,#909183,#909183
2024-06-15 00:29:30,cell phone,#868a7f,#868a7f
2024-06-15 00:29:30,cell phone,#85897e,#85897e
2024-06-15 00:29:31,cell phone,#88938e,#88938e
2024-06-15 00:29:31,cell phone,#979d93,#979d93
2024-06-15 00:29:31,cell phone,#9fa69b,#9fa69b
2024-06-15 00:29:31,cell phone,#9da499,#9da499
2024-06-15 00:29:32,cell phone,#a1a79b,#a1a79b
2024-06-15 00:29:32,cell phone,#a2a79c,#a2a79c
2024-06-15 00:29:32,cell phone,#a5aa9d,#a5aa9d
2024-06-15 00:29:32,cell phone,#a5aa9d,#a5aa9d
2024-06-15 00:29:32,cell phone,#919483,#919483
